,code
0,603999
1,603998
2,603997
3,603996
4,603993
5,603989
6,603988
7,603986
8,603979
9,603977
10,603969
11,603968
12,603959
13,603958
14,603939
15,603936
16,603919
17,603918
18,603909
19,603901
20,603899
21,603898
22,603889
23,603888
24,603887
25,603885
26,603883
27,603869
28,603868
29,603866
30,603861
31,603859
32,603858
33,603843
34,603838
35,603828
36,603822
37,603818
38,603816
39,603808
40,603806
41,603800
42,603799
43,603798
44,603789
45,603788
46,603779
47,603778
48,603777
49,603766
50,603738
51,603737
52,603729
53,603726
54,603718
55,603716
56,603703
57,603701
58,603699
59,603698
60,603696
61,603688
62,603686
63,603678
64,603669
65,603667
66,603663
67,603658
68,603636
69,603633
70,603618
71,603616
72,603611
73,603609
74,603608
75,603606
76,603601
77,603600
78,603599
79,603598
80,603589
81,603588
82,603569
83,603568
84,603567
85,603566
86,603558
87,603556
88,603555
89,603528
90,603520
91,603519
92,603518
93,603515
94,603508
95,603456
96,603421
97,603399
98,603398
99,603393
100,603377
101,603369
102,603368
103,603366
104,603355
105,603339
106,603338
107,603333
108,603328
109,603322
110,603318
111,603315
112,603313
113,603311
114,603309
115,603308
116,603306
117,603300
118,603299
119,603288
120,603268
121,603258
122,603227
123,603223
124,603222
125,603203
126,603199
127,603198
128,603189
129,603188
130,603169
131,603168
132,603167
133,603166
134,603160
135,603159
136,603158
137,603131
138,603128
139,603126
140,603123
141,603118
142,603117
143,603116
144,603111
145,603108
146,603101
147,603100
148,603099
149,603090
150,603088
151,603085
152,603077
153,603069
154,603067
155,603066
156,603060
157,603031
158,603030
159,603029
160,603028
161,603027
162,603026
163,603025
164,603023
165,603022
166,603021
167,603020
168,603019
169,603018
170,603017
171,603016
172,603015
173,603012
174,603011
175,603010
176,603009
177,603008
178,603007
179,603006
180,603005
181,603003
182,603002
183,603001
184,603000
185,601999
186,601998
187,601997
188,601996
189,601992
190,601991
191,601989
192,601988
193,601985
194,601969
195,601968
196,601966
197,601965
198,601958
199,601939
200,601933
201,601929
202,601928
203,601919
204,601908
205,601901
206,601900
207,601899
208,601898
209,601890
210,601888
211,601886
212,601882
213,601880
214,601877
215,601872
216,601866
217,601857
218,601818
219,601811
220,601808
221,601801
222,601800
223,601799
224,601798
225,601789
226,601788
227,601777
228,601766
229,601727
230,601718
231,601717
232,601700
233,601699
234,601689
235,601688
236,601678
237,601677
238,601669
239,601668
240,601666
241,601636
242,601633
243,601628
244,601618
245,601616
246,601611
247,601608
248,601607
249,601601
250,601600
251,601599
252,601595
253,601588
254,601579
255,601567
256,601566
257,601558
258,601555
259,601519
260,601518
261,601515
262,601500
263,601398
264,601390
265,601388
266,601377
267,601369
268,601368
269,601339
270,601336
271,601333
272,601328
273,601318
274,601313
275,601311
276,601288
277,601258
278,601238
279,601233
280,601231
281,601229
282,601226
283,601225
284,601222
285,601218
286,601216
287,601211
288,601208
289,601199
290,601198
291,601188
292,601186
293,601179
294,601177
295,601169
296,601168
297,601166
298,601163
299,601158
300,601155
301,601139
302,601137
303,601128
304,601127
305,601126
306,601118
307,601117
308,601116
309,601113
310,601111
311,601107
312,601106
313,601101
314,601100
315,601099
316,601098
317,601088
318,601069
319,601058
320,601038
321,601028
322,601021
323,601020
324,601018
325,601016
326,601015
327,601012
328,601011
329,601010
330,601009
331,601008
332,601007
333,601006
334,601005
335,601003
336,601002
337,601001
338,601000
339,600999
340,600998
341,600997
342,600995
343,600993
344,600992
345,600990
346,600988
347,600987
348,600986
349,600985
350,600984
351,600983
352,600982
353,600981
354,600980
355,600979
356,600978
357,600977
358,600976
359,600975
360,600973
361,600971
362,600970
363,600969
364,600967
365,600966
366,600965
367,600963
368,600962
369,600961
370,600960
371,600959
372,600958
373,600936
374,600926
375,600919
376,600917
377,600908
378,600900
379,600898
380,600897
381,600896
382,600895
383,600894
384,600893
385,600892
386,600891
387,600890
388,600889
389,600888
390,600887
391,600886
392,600885
393,600884
394,600883
395,600882
396,600881
397,600880
398,600879
399,600877
400,600876
401,600875
402,600874
403,600873
404,600872
405,600871
406,600870
407,600869
408,600868
409,600867
410,600865
411,600864
412,600863
413,600862
414,600861
415,600860
416,600859
417,600858
418,600857
419,600856
420,600855
421,600854
422,600853
423,600851
424,600850
425,600848
426,600847
427,600846
428,600845
429,600844
430,600843
431,600841
432,600839
433,600838
434,600837
435,600836
436,600835
437,600834
438,600833
439,600831
440,600830
441,600829
442,600828
443,600827
444,600826
445,600825
446,600824
447,600823
448,600822
449,600821
450,600820
451,600819
452,600818
453,600816
454,600815
455,600814
456,600812
457,600811
458,600810
459,600809
460,600808
461,600807
462,600805
463,600804
464,600803
465,600802
466,600801
467,600800
468,600798
469,600797
470,600796
471,600795
472,600794
473,600792
474,600791
475,600790
476,600789
477,600787
478,600785
479,600784
480,600783
481,600782
482,600781
483,600780
484,600779
485,600778
486,600777
487,600776
488,600775
489,600774
490,600773
491,600771
492,600770
493,600769
494,600768
495,600767
496,600766
497,600765
498,600764
499,600763
500,600761
501,600759
502,600758
503,600757
504,600756
505,600755
506,600754
507,600753
508,600751
509,600750
510,600749
511,600748
512,600747
513,600746
514,600745
515,600744
516,600743
517,600742
518,600741
519,600740
520,600739
521,600738
522,600737
523,600736
524,600735
525,600734
526,600733
527,600731
528,600730
529,600729
530,600728
531,600727
532,600726
533,600724
534,600723
535,600722
536,600720
537,600719
538,600718
539,600717
540,600716
541,600715
542,600714
543,600713
544,600712
545,600711
546,600708
547,600707
548,600706
549,600705
550,600704
551,600703
552,600702
553,600699
554,600698
555,600697
556,600696
557,600695
558,600694
559,600693
560,600692
561,600691
562,600690
563,600689
564,600688
565,600687
566,600686
567,600685
568,600684
569,600683
570,600682
571,600681
572,600680
573,600679
574,600678
575,600677
576,600676
577,600674
578,600673
579,600671
580,600668
581,600667
582,600666
583,600665
584,600664
585,600663
586,600662
587,600661
588,600660
589,600658
590,600657
591,600655
592,600654
593,600653
594,600652
595,600651
596,600650
597,600649
598,600648
599,600647
600,600645
601,600644
602,600643
603,600642
604,600641
605,600640
606,600639
607,600638
608,600637
609,600636
610,600635
611,600634
612,600633
613,600630
614,600629
615,600628
616,600626
617,600624
618,600623
619,600622
620,600621
621,600620
622,600619
623,600618
624,600617
625,600616
626,600615
627,600614
628,600613
629,600612
630,600611
631,600610
632,600609
633,600608
634,600606
635,600605
636,600604
637,600602
638,600601
639,600600
640,600599
641,600598
642,600597
643,600596
644,600595
645,600594
646,600593
647,600592
648,600590
649,600589
650,600588
651,600587
652,600586
653,600585
654,600584
655,600583
656,600582
657,600580
658,600579
659,600578
660,600577
661,600576
662,600575
663,600573
664,600572
665,600571
666,600570
667,600569
668,600568
669,600567
670,600566
671,600565
672,600563
673,600562
674,600561
675,600560
676,600559
677,600558
678,600557
679,600555
680,600552
681,600551
682,600550
683,600549
684,600548
685,600547
686,600545
687,600543
688,600540
689,600538
690,600537
691,600536
692,600535
693,600533
694,600532
695,600531
696,600530
697,600529
698,600528
699,600527
700,600526
701,600525
702,600523
703,600522
704,600521
705,600519
706,600518
707,600517
708,600516
709,600515
710,600513
711,600512
712,600511
713,600510
714,600509
715,600508
716,600507
717,600506
718,600505
719,600503
720,600502
721,600501
722,600500
723,600499
724,600498
725,600497
726,600496
727,600495
728,600493
729,600491
730,600490
731,600489
732,600488
733,600487
734,600486
735,600485
736,600483
737,600482
738,600481
739,600480
740,600479
741,600478
742,600477
743,600476
744,600475
745,600470
746,600469
747,600468
748,600467
749,600466
750,600463
751,600462
752,600461
753,600460
754,600459
755,600458
756,600456
757,600455
758,600452
759,600449
760,600448
761,600446
762,600444
763,600439
764,600438
765,600436
766,600435
767,600433
768,600429
769,600428
770,600426
771,600425
772,600423
773,600422
774,600421
775,600420
776,600419
777,600418
778,600416
779,600415
780,600410
781,600409
782,600408
783,600406
784,600405
785,600403
786,600401
787,600400
788,600399
789,600398
790,600397
791,600396
792,600395
793,600393
794,600392
795,600391
796,600389
797,600388
798,600387
799,600386
800,600385
801,600383
802,600382
803,600380
804,600379
805,600378
806,600377
807,600376
808,600373
809,600372
810,600371
811,600370
812,600369
813,600368
814,600367
815,600366
816,600365
817,600363
818,600362
819,600361
820,600360
821,600359
822,600358
823,600356
824,600355
825,600354
826,600353
827,600352
828,600351
829,600350
830,600348
831,600346
832,600345
833,600343
834,600340
835,600338
836,600337
837,600336
838,600335
839,600333
840,600332
841,600331
842,600330
843,600329
844,600328
845,600327
846,600326
847,600325
848,600323
849,600322
850,600321
851,600320
852,600318
853,600317
854,600316
855,600315
856,600313
857,600312
858,600311
859,600310
860,600309
861,600308
862,600307
863,600305
864,600303
865,600302
866,600300
867,600299
868,600298
869,600297
870,600295
871,600293
872,600292
873,600291
874,600290
875,600289
876,600288
877,600287
878,600285
879,600284
880,600283
881,600282
882,600281
883,600280
884,600279
885,600278
886,600277
887,600276
888,600275
889,600273
890,600272
891,600271
892,600270
893,600269
894,600268
895,600267
896,600266
897,600262
898,600261
899,600260
900,600259
901,600258
902,600257
903,600256
904,600255
905,600252
906,600251
907,600250
908,600249
909,600248
910,600246
911,600243
912,600242
913,600241
914,600240
915,600239
916,600238
917,600237
918,600236
919,600235
920,600233
921,600232
922,600231
923,600229
924,600228
925,600227
926,600226
927,600225
928,600223
929,600222
930,600221
931,600220
932,600219
933,600218
934,600217
935,600216
936,600215
937,600213
938,600211
939,600210
940,600209
941,600208
942,600207
943,600206
944,600203
945,600202
946,600201
947,600200
948,600199
949,600198
950,600197
951,600196
952,600195
953,600193
954,600192
955,600191
956,600190
957,600189
958,600188
959,600187
960,600186
961,600185
962,600184
963,600183
964,600182
965,600180
966,600179
967,600178
968,600177
969,600176
970,600175
971,600173
972,600172
973,600171
974,600170
975,600169
976,600168
977,600167
978,600166
979,600165
980,600163
981,600162
982,600161
983,600160
984,600159
985,600158
986,600157
987,600156
988,600155
989,600153
990,600152
991,600151
992,600150
993,600149
994,600148
995,600146
996,600143
997,600141
998,600139
999,600138
1000,600137
1001,600136
1002,600135
1003,600133
1004,600132
1005,600131
1006,600130
1007,600129
1008,600128
1009,600127
1010,600126
1011,600125
1012,600123
1013,600122
1014,600121
1015,600120
1016,600119
1017,600118
1018,600117
1019,600116
1020,600115
1021,600114
1022,600113
1023,600112
1024,600111
1025,600110
1026,600109
1027,600108
1028,600107
1029,600106
1030,600105
1031,600104
1032,600103
1033,600101
1034,600100
1035,600099
1036,600098
1037,600097
1038,600096
1039,600095
1040,600094
1041,600093
1042,600090
1043,600089
1044,600088
1045,600086
1046,600085
1047,600084
1048,600083
1049,600082
1050,600081
1051,600080
1052,600079
1053,600078
1054,600077
1055,600076
1056,600075
1057,600074
1058,600073
1059,600072
1060,600071
1061,600070
1062,600069
1063,600068
1064,600067
1065,600066
1066,600064
1067,600063
1068,600062
1069,600061
1070,600060
1071,600059
1072,600058
1073,600057
1074,600056
1075,600055
1076,600054
1077,600053
1078,600052
1079,600051
1080,600050
1081,600048
1082,600039
1083,600038
1084,600037
1085,600036
1086,600035
1087,600033
1088,600031
1089,600030
1090,600029
1091,600028
1092,600027
1093,600026
1094,600023
1095,600022
1096,600021
1097,600020
1098,600019
1099,600018
1100,600017
1101,600016
1102,600015
1103,600012
1104,600011
1105,600010
1106,600009
1107,600008
1108,600007
1109,600006
1110,600005
1111,600004
1112,600000
1113,300566
1114,300563
1115,300562
1116,300561
1117,300560
1118,300559
1119,300558
1120,300557
1121,300556
1122,300555
1123,300553
1124,300552
1125,300551
1126,300550
1127,300549
1128,300548
1129,300547
1130,300546
1131,300545
1132,300543
1133,300542
1134,300541
1135,300540
1136,300539
1137,300538
1138,300537
1139,300536
1140,300535
1141,300534
1142,300533
1143,300532
1144,300531
1145,300530
1146,300529
1147,300528
1148,300527
1149,300526
1150,300525
1151,300523
1152,300522
1153,300521
1154,300520
1155,300519
1156,300518
1157,300517
1158,300516
1159,300515
1160,300513
1161,300512
1162,300511
1163,300510
1164,300509
1165,300508
1166,300507
1167,300506
1168,300505
1169,300503
1170,300502
1171,300501
1172,300500
1173,300499
1174,300498
1175,300497
1176,300496
1177,300495
1178,300494
1179,300493
1180,300492
1181,300491
1182,300490
1183,300489
1184,300488
1185,300487
1186,300486
1187,300485
1188,300484
1189,300483
1190,300482
1191,300481
1192,300480
1193,300479
1194,300478
1195,300477
1196,300476
1197,300475
1198,300474
1199,300473
1200,300472
1201,300471
1202,300470
1203,300469
1204,300468
1205,300467
1206,300466
1207,300465
1208,300464
1209,300463
1210,300462
1211,300461
1212,300460
1213,300459
1214,300458
1215,300457
1216,300456
1217,300455
1218,300453
1219,300452
1220,300451
1221,300450
1222,300449
1223,300448
1224,300447
1225,300446
1226,300445
1227,300444
1228,300443
1229,300442
1230,300441
1231,300440
1232,300439
1233,300438
1234,300437
1235,300436
1236,300435
1237,300434
1238,300433
1239,300432
1240,300431
1241,300430
1242,300429
1243,300428
1244,300427
1245,300426
1246,300425
1247,300424
1248,300423
1249,300422
1250,300421
1251,300420
1252,300419
1253,300418
1254,300417
1255,300416
1256,300415
1257,300414
1258,300413
1259,300412
1260,300411
1261,300410
1262,300409
1263,300408
1264,300407
1265,300406
1266,300405
1267,300404
1268,300403
1269,300402
1270,300401
1271,300400
1272,300399
1273,300398
1274,300397
1275,300396
1276,300395
1277,300394
1278,300393
1279,300392
1280,300391
1281,300390
1282,300389
1283,300388
1284,300387
1285,300386
1286,300385
1287,300384
1288,300383
1289,300382
1290,300381
1291,300380
1292,300379
1293,300378
1294,300377
1295,300376
1296,300375
1297,300374
1298,300373
1299,300372
1300,300371
1301,300370
1302,300369
1303,300368
1304,300367
1305,300366
1306,300365
1307,300364
1308,300363
1309,300362
1310,300360
1311,300359
1312,300358
1313,300357
1314,300356
1315,300355
1316,300354
1317,300353
1318,300352
1319,300351
1320,300350
1321,300349
1322,300348
1323,300347
1324,300346
1325,300345
1326,300344
1327,300343
1328,300342
1329,300341
1330,300340
1331,300339
1332,300338
1333,300337
1334,300336
1335,300335
1336,300334
1337,300333
1338,300332
1339,300331
1340,300330
1341,300329
1342,300328
1343,300327
1344,300326
1345,300325
1346,300324
1347,300323
1348,300322
1349,300321
1350,300320
1351,300319
1352,300318
1353,300317
1354,300316
1355,300315
1356,300314
1357,300313
1358,300312
1359,300311
1360,300310
1361,300309
1362,300308
1363,300307
1364,300306
1365,300305
1366,300304
1367,300303
1368,300302
1369,300301
1370,300300
1371,300299
1372,300298
1373,300297
1374,300296
1375,300295
1376,300294
1377,300293
1378,300292
1379,300291
1380,300290
1381,300289
1382,300288
1383,300287
1384,300286
1385,300285
1386,300284
1387,300283
1388,300282
1389,300281
1390,300280
1391,300279
1392,300278
1393,300277
1394,300276
1395,300275
1396,300274
1397,300273
1398,300272
1399,300271
1400,300270
1401,300269
1402,300268
1403,300267
1404,300266
1405,300265
1406,300264
1407,300263
1408,300262
1409,300261
1410,300260
1411,300259
1412,300258
1413,300257
1414,300256
1415,300255
1416,300254
1417,300253
1418,300252
1419,300251
1420,300250
1421,300249
1422,300248
1423,300247
1424,300246
1425,300245
1426,300244
1427,300243
1428,300242
1429,300241
1430,300240
1431,300239
1432,300238
1433,300237
1434,300236
1435,300235
1436,300234
1437,300233
1438,300232
1439,300231
1440,300230
1441,300229
1442,300228
1443,300227
1444,300226
1445,300225
1446,300224
1447,300223
1448,300222
1449,300221
1450,300220
1451,300219
1452,300218
1453,300217
1454,300216
1455,300215
1456,300214
1457,300213
1458,300212
1459,300211
1460,300210
1461,300209
1462,300208
1463,300207
1464,300206
1465,300205
1466,300204
1467,300203
1468,300202
1469,300201
1470,300200
1471,300199
1472,300198
1473,300197
1474,300196
1475,300195
1476,300194
1477,300193
1478,300192
1479,300191
1480,300190
1481,300189
1482,300188
1483,300187
1484,300185
1485,300184
1486,300183
1487,300182
1488,300181
1489,300180
1490,300179
1491,300178
1492,300177
1493,300176
1494,300175
1495,300174
1496,300173
1497,300172
1498,300171
1499,300170
1500,300169
1501,300168
1502,300167
1503,300166
1504,300165
1505,300164
1506,300163
1507,300162
1508,300161
1509,300160
1510,300159
1511,300158
1512,300157
1513,300156
1514,300155
1515,300154
1516,300153
1517,300152
1518,300151
1519,300150
1520,300149
1521,300148
1522,300147
1523,300146
1524,300145
1525,300144
1526,300143
1527,300142
1528,300141
1529,300140
1530,300139
1531,300138
1532,300137
1533,300136
1534,300135
1535,300134
1536,300133
1537,300132
1538,300131
1539,300130
1540,300129
1541,300128
1542,300127
1543,300126
1544,300125
1545,300124
1546,300123
1547,300122
1548,300121
1549,300120
1550,300119
1551,300118
1552,300117
1553,300116
1554,300115
1555,300114
1556,300113
1557,300112
1558,300111
1559,300110
1560,300109
1561,300108
1562,300107
1563,300106
1564,300105
1565,300104
1566,300103
1567,300102
1568,300101
1569,300100
1570,300099
1571,300098
1572,300097
1573,300096
1574,300095
1575,300094
1576,300093
1577,300092
1578,300091
1579,300090
1580,300089
1581,300088
1582,300087
1583,300086
1584,300085
1585,300084
1586,300083
1587,300082
1588,300081
1589,300080
1590,300079
1591,300078
1592,300077
1593,300076
1594,300075
1595,300074
1596,300073
1597,300072
1598,300071
1599,300070
1600,300069
1601,300068
1602,300067
1603,300066
1604,300065
1605,300064
1606,300063
1607,300062
1608,300061
1609,300059
1610,300058
1611,300057
1612,300056
1613,300055
1614,300054
1615,300053
1616,300052
1617,300051
1618,300050
1619,300049
1620,300048
1621,300047
1622,300046
1623,300045
1624,300044
1625,300043
1626,300042
1627,300041
1628,300040
1629,300039
1630,300038
1631,300037
1632,300036
1633,300035
1634,300034
1635,300033
1636,300032
1637,300031
1638,300030
1639,300029
1640,300028
1641,300027
1642,300026
1643,300025
1644,300024
1645,300023
1646,300022
1647,300021
1648,300020
1649,300019
1650,300018
1651,300017
1652,300016
1653,300015
1654,300014
1655,300013
1656,300012
1657,300011
1658,300010
1659,300009
1660,300008
1661,300007
1662,300006
1663,300005
1664,300004
1665,300003
1666,300002
1667,300001
1668,002821
1669,002820
1670,002819
1671,002818
1672,002817
1673,002816
1674,002815
1675,002813
1676,002812
1677,002811
1678,002810
1679,002809
1680,002808
1681,002807
1682,002806
1683,002805
1684,002803
1685,002802
1686,002801
1687,002800
1688,002799
1689,002798
1690,002797
1691,002796
1692,002795
1693,002793
1694,002792
1695,002791
1696,002790
1697,002789
1698,002788
1699,002787
1700,002786
1701,002785
1702,002783
1703,002782
1704,002781
1705,002780
1706,002779
1707,002778
1708,002777
1709,002776
1710,002775
1711,002773
1712,002772
1713,002771
1714,002770
1715,002769
1716,002768
1717,002767
1718,002766
1719,002765
1720,002763
1721,002762
1722,002761
1723,002760
1724,002759
1725,002758
1726,002757
1727,002756
1728,002755
1729,002753
1730,002752
1731,002751
1732,002750
1733,002749
1734,002748
1735,002747
1736,002746
1737,002745
1738,002743
1739,002742
1740,002741
1741,002740
1742,002739
1743,002738
1744,002737
1745,002736
1746,002735
1747,002734
1748,002733
1749,002732
1750,002731
1751,002730
1752,002729
1753,002728
1754,002727
1755,002726
1756,002725
1757,002724
1758,002723
1759,002722
1760,002721
1761,002719
1762,002718
1763,002717
1764,002716
1765,002715
1766,002714
1767,002713
1768,002712
1769,002711
1770,002709
1771,002708
1772,002707
1773,002706
1774,002705
1775,002703
1776,002702
1777,002701
1778,002700
1779,002699
1780,002698
1781,002697
1782,002696
1783,002695
1784,002694
1785,002693
1786,002692
1787,002691
1788,002690
1789,002689
1790,002688
1791,002687
1792,002686
1793,002685
1794,002684
1795,002683
1796,002682
1797,002681
1798,002680
1799,002679
1800,002678
1801,002677
1802,002676
1803,002675
1804,002674
1805,002673
1806,002672
1807,002671
1808,002670
1809,002669
1810,002668
1811,002667
1812,002666
1813,002665
1814,002664
1815,002663
1816,002662
1817,002661
1818,002660
1819,002659
1820,002658
1821,002657
1822,002656
1823,002655
1824,002654
1825,002653
1826,002652
1827,002651
1828,002650
1829,002649
1830,002648
1831,002647
1832,002646
1833,002645
1834,002644
1835,002643
1836,002642
1837,002641
1838,002640
1839,002639
1840,002638
1841,002637
1842,002636
1843,002635
1844,002634
1845,002633
1846,002632
1847,002631
1848,002630
1849,002629
1850,002628
1851,002627
1852,002626
1853,002625
1854,002624
1855,002623
1856,002622
1857,002621
1858,002620
1859,002619
1860,002618
1861,002617
1862,002616
1863,002615
1864,002614
1865,002613
1866,002612
1867,002611
1868,002610
1869,002609
1870,002608
1871,002607
1872,002606
1873,002605
1874,002604
1875,002603
1876,002602
1877,002601
1878,002600
1879,002599
1880,002598
1881,002597
1882,002596
1883,002595
1884,002594
1885,002593
1886,002592
1887,002591
1888,002590
1889,002589
1890,002588
1891,002587
1892,002586
1893,002585
1894,002584
1895,002583
1896,002582
1897,002581
1898,002580
1899,002579
1900,002578
1901,002577
1902,002576
1903,002575
1904,002574
1905,002573
1906,002572
1907,002571
1908,002570
1909,002569
1910,002568
1911,002567
1912,002566
1913,002565
1914,002564
1915,002563
1916,002562
1917,002561
1918,002560
1919,002559
1920,002558
1921,002557
1922,002556
1923,002555
1924,002554
1925,002553
1926,002552
1927,002551
1928,002550
1929,002549
1930,002548
1931,002547
1932,002546
1933,002545
1934,002544
1935,002543
1936,002542
1937,002541
1938,002540
1939,002539
1940,002538
1941,002537
1942,002536
1943,002535
1944,002534
1945,002533
1946,002532
1947,002531
1948,002530
1949,002529
1950,002528
1951,002527
1952,002526
1953,002524
1954,002523
1955,002522
1956,002521
1957,002520
1958,002519
1959,002518
1960,002517
1961,002516
1962,002515
1963,002514
1964,002513
1965,002512
1966,002511
1967,002510
1968,002509
1969,002508
1970,002507
1971,002506
1972,002505
1973,002504
1974,002503
1975,002502
1976,002501
1977,002500
1978,002499
1979,002498
1980,002497
1981,002496
1982,002495
1983,002494
1984,002493
1985,002492
1986,002491
1987,002490
1988,002489
1989,002488
1990,002487
1991,002486
1992,002485
1993,002484
1994,002483
1995,002482
1996,002481
1997,002480
1998,002479
1999,002478
2000,002477
2001,002476
2002,002475
2003,002474
2004,002473
2005,002472
2006,002471
2007,002470
2008,002469
2009,002468
2010,002467
2011,002466
2012,002465
2013,002464
2014,002463
2015,002462
2016,002461
2017,002460
2018,002459
2019,002458
2020,002457
2021,002456
2022,002455
2023,002454
2024,002453
2025,002452
2026,002451
2027,002450
2028,002449
2029,002448
2030,002447
2031,002446
2032,002445
2033,002444
2034,002443
2035,002442
2036,002441
2037,002440
2038,002439
2039,002438
2040,002437
2041,002436
2042,002435
2043,002434
2044,002433
2045,002432
2046,002431
2047,002430
2048,002429
2049,002428
2050,002427
2051,002426
2052,002425
2053,002424
2054,002423
2055,002422
2056,002421
2057,002420
2058,002419
2059,002418
2060,002417
2061,002416
2062,002415
2063,002414
2064,002413
2065,002412
2066,002411
2067,002410
2068,002409
2069,002408
2070,002407
2071,002406
2072,002405
2073,002404
2074,002403
2075,002402
2076,002401
2077,002400
2078,002399
2079,002398
2080,002397
2081,002396
2082,002395
2083,002394
2084,002393
2085,002392
2086,002391
2087,002390
2088,002389
2089,002388
2090,002387
2091,002386
2092,002385
2093,002384
2094,002383
2095,002382
2096,002381
2097,002380
2098,002379
2099,002378
2100,002377
2101,002376
2102,002375
2103,002374
2104,002373
2105,002372
2106,002371
2107,002370
2108,002369
2109,002368
2110,002367
2111,002366
2112,002365
2113,002364
2114,002363
2115,002362
2116,002361
2117,002360
2118,002359
2119,002358
2120,002357
2121,002356
2122,002355
2123,002354
2124,002353
2125,002352
2126,002351
2127,002350
2128,002349
2129,002348
2130,002347
2131,002346
2132,002345
2133,002344
2134,002343
2135,002342
2136,002341
2137,002340
2138,002339
2139,002338
2140,002337
2141,002336
2142,002335
2143,002334
2144,002333
2145,002332
2146,002331
2147,002330
2148,002329
2149,002328
2150,002327
2151,002326
2152,002325
2153,002324
2154,002323
2155,002322
2156,002321
2157,002320
2158,002319
2159,002318
2160,002317
2161,002316
2162,002315
2163,002314
2164,002313
2165,002312
2166,002311
2167,002310
2168,002309
2169,002308
2170,002307
2171,002306
2172,002305
2173,002304
2174,002303
2175,002302
2176,002301
2177,002300
2178,002299
2179,002298
2180,002297
2181,002296
2182,002295
2183,002294
2184,002293
2185,002292
2186,002291
2187,002290
2188,002289
2189,002288
2190,002287
2191,002286
2192,002285
2193,002284
2194,002283
2195,002282
2196,002281
2197,002280
2198,002279
2199,002278
2200,002277
2201,002276
2202,002275
2203,002274
2204,002273
2205,002272
2206,002271
2207,002270
2208,002269
2209,002268
2210,002267
2211,002266
2212,002265
2213,002264
2214,002263
2215,002262
2216,002261
2217,002260
2218,002259
2219,002258
2220,002256
2221,002255
2222,002254
2223,002253
2224,002252
2225,002251
2226,002250
2227,002249
2228,002248
2229,002247
2230,002246
2231,002245
2232,002244
2233,002243
2234,002242
2235,002241
2236,002240
2237,002239
2238,002238
2239,002237
2240,002236
2241,002235
2242,002234
2243,002233
2244,002232
2245,002231
2246,002230
2247,002229
2248,002228
2249,002227
2250,002226
2251,002225
2252,002224
2253,002223
2254,002222
2255,002221
2256,002220
2257,002219
2258,002218
2259,002217
2260,002216
2261,002215
2262,002214
2263,002213
2264,002212
2265,002211
2266,002210
2267,002209
2268,002208
2269,002207
2270,002206
2271,002205
2272,002204
2273,002203
2274,002202
2275,002201
2276,002200
2277,002199
2278,002198
2279,002197
2280,002196
2281,002195
2282,002194
2283,002193
2284,002192
2285,002191
2286,002190
2287,002189
2288,002188
2289,002187
2290,002186
2291,002185
2292,002184
2293,002183
2294,002182
2295,002181
2296,002180
2297,002179
2298,002178
2299,002177
2300,002176
2301,002175
2302,002174
2303,002173
2304,002172
2305,002171
2306,002170
2307,002169
2308,002168
2309,002167
2310,002166
2311,002165
2312,002164
2313,002163
2314,002162
2315,002161
2316,002160
2317,002159
2318,002158
2319,002157
2320,002156
2321,002155
2322,002154
2323,002153
2324,002152
2325,002151
2326,002150
2327,002149
2328,002148
2329,002147
2330,002146
2331,002145
2332,002144
2333,002143
2334,002142
2335,002141
2336,002140
2337,002139
2338,002138
2339,002137
2340,002136
2341,002135
2342,002134
2343,002133
2344,002132
2345,002131
2346,002130
2347,002129
2348,002128
2349,002127
2350,002126
2351,002125
2352,002124
2353,002123
2354,002122
2355,002121
2356,002120
2357,002119
2358,002118
2359,002117
2360,002116
2361,002115
2362,002114
2363,002113
2364,002112
2365,002111
2366,002110
2367,002109
2368,002108
2369,002107
2370,002106
2371,002105
2372,002104
2373,002103
2374,002102
2375,002101
2376,002100
2377,002099
2378,002098
2379,002097
2380,002096
2381,002095
2382,002094
2383,002093
2384,002092
2385,002091
2386,002090
2387,002089
2388,002088
2389,002087
2390,002086
2391,002085
2392,002084
2393,002083
2394,002082
2395,002081
2396,002080
2397,002079
2398,002078
2399,002077
2400,002076
2401,002075
2402,002074
2403,002073
2404,002072
2405,002071
2406,002070
2407,002069
2408,002068
2409,002067
2410,002066
2411,002065
2412,002064
2413,002063
2414,002062
2415,002061
2416,002060
2417,002059
2418,002058
2419,002057
2420,002056
2421,002055
2422,002054
2423,002053
2424,002052
2425,002051
2426,002050
2427,002049
2428,002048
2429,002047
2430,002046
2431,002045
2432,002044
2433,002043
2434,002042
2435,002041
2436,002040
2437,002039
2438,002038
2439,002037
2440,002036
2441,002035
2442,002034
2443,002033
2444,002032
2445,002031
2446,002030
2447,002029
2448,002028
2449,002027
2450,002026
2451,002025
2452,002024
2453,002023
2454,002022
2455,002021
2456,002020
2457,002019
2458,002018
2459,002017
2460,002016
2461,002015
2462,002014
2463,002013
2464,002012
2465,002011
2466,002010
2467,002009
2468,002008
2469,002007
2470,002006
2471,002005
2472,002004
2473,002003
2474,002002
2475,002001
2476,001979
2477,001896
2478,001696
2479,000999
2480,000998
2481,000997
2482,000996
2483,000995
2484,000993
2485,000990
2486,000989
2487,000988
2488,000987
2489,000985
2490,000983
2491,000982
2492,000981
2493,000980
2494,000979
2495,000978
2496,000977
2497,000976
2498,000975
2499,000973
2500,000972
2501,000971
2502,000970
2503,000969
2504,000968
2505,000967
2506,000966
2507,000965
2508,000963
2509,000962
2510,000961
2511,000960
2512,000959
2513,000958
2514,000957
2515,000955
2516,000953
2517,000952
2518,000951
2519,000950
2520,000949
2521,000948
2522,000939
2523,000938
2524,000937
2525,000936
2526,000935
2527,000933
2528,000932
2529,000931
2530,000930
2531,000929
2532,000928
2533,000927
2534,000926
2535,000925
2536,000923
2537,000922
2538,000921
2539,000920
2540,000919
2541,000918
2542,000917
2543,000916
2544,000915
2545,000913
2546,000912
2547,000911
2548,000910
2549,000909
2550,000908
2551,000906
2552,000905
2553,000903
2554,000902
2555,000901
2556,000900
2557,000899
2558,000898
2559,000897
2560,000895
2561,000893
2562,000892
2563,000890
2564,000889
2565,000888
2566,000887
2567,000886
2568,000885
2569,000883
2570,000882
2571,000881
2572,000880
2573,000878
2574,000877
2575,000876
2576,000875
2577,000869
2578,000868
2579,000863
2580,000862
2581,000861
2582,000860
2583,000859
2584,000858
2585,000856
2586,000852
2587,000851
2588,000850
2589,000848
2590,000839
2591,000838
2592,000837
2593,000836
2594,000835
2595,000833
2596,000831
2597,000830
2598,000829
2599,000828
2600,000826
2601,000825
2602,000823
2603,000822
2604,000821
2605,000820
2606,000819
2607,000818
2608,000816
2609,000815
2610,000813
2611,000812
2612,000811
2613,000810
2614,000809
2615,000807
2616,000806
2617,000803
2618,000802
2619,000801
2620,000800
2621,000799
2622,000798
2623,000797
2624,000796
2625,000795
2626,000793
2627,000792
2628,000791
2629,000790
2630,000789
2631,000788
2632,000786
2633,000785
2634,000783
2635,000782
2636,000780
2637,000779
2638,000778
2639,000777
2640,000776
2641,000768
2642,000767
2643,000766
2644,000762
2645,000761
2646,000760
2647,000759
2648,000758
2649,000757
2650,000756
2651,000755
2652,000753
2653,000752
2654,000751
2655,000750
2656,000748
2657,000739
2658,000738
2659,000737
2660,000736
2661,000735
2662,000733
2663,000732
2664,000731
2665,000729
2666,000728
2667,000727
2668,000726
2669,000725
2670,000723
2671,000722
2672,000721
2673,000720
2674,000719
2675,000718
2676,000717
2677,000716
2678,000715
2679,000713
2680,000712
2681,000711
2682,000710
2683,000709
2684,000708
2685,000707
2686,000705
2687,000703
2688,000702
2689,000701
2690,000700
2691,000698
2692,000697
2693,000695
2694,000693
2695,000692
2696,000691
2697,000690
2698,000688
2699,000687
2700,000686
2701,000685
2702,000683
2703,000682
2704,000681
2705,000680
2706,000679
2707,000678
2708,000677
2709,000676
2710,000673
2711,000672
2712,000671
2713,000670
2714,000669
2715,000668
2716,000667
2717,000666
2718,000665
2719,000663
2720,000662
2721,000661
2722,000659
2723,000657
2724,000656
2725,000655
2726,000652
2727,000651
2728,000650
2729,000639
2730,000638
2731,000637
2732,000636
2733,000635
2734,000633
2735,000632
2736,000631
2737,000630
2738,000629
2739,000628
2740,000627
2741,000626
2742,000625
2743,000623
2744,000622
2745,000620
2746,000619
2747,000617
2748,000616
2749,000615
2750,000613
2751,000612
2752,000611
2753,000610
2754,000609
2755,000608
2756,000607
2757,000606
2758,000605
2759,000603
2760,000601
2761,000600
2762,000599
2763,000598
2764,000597
2765,000596
2766,000595
2767,000593
2768,000592
2769,000591
2770,000590
2771,000589
2772,000587
2773,000586
2774,000585
2775,000584
2776,000582
2777,000581
2778,000576
2779,000573
2780,000572
2781,000571
2782,000570
2783,000568
2784,000567
2785,000566
2786,000565
2787,000564
2788,000563
2789,000561
2790,000560
2791,000559
2792,000558
2793,000557
2794,000555
2795,000554
2796,000553
2797,000552
2798,000551
2799,000550
2800,000548
2801,000547
2802,000546
2803,000545
2804,000544
2805,000543
2806,000541
2807,000540
2808,000539
2809,000538
2810,000537
2811,000536
2812,000534
2813,000533
2814,000532
2815,000531
2816,000530
2817,000529
2818,000528
2819,000526
2820,000525
2821,000524
2822,000523
2823,000521
2824,000520
2825,000519
2826,000518
2827,000517
2828,000516
2829,000514
2830,000513
2831,000511
2832,000510
2833,000509
2834,000507
2835,000506
2836,000505
2837,000504
2838,000503
2839,000502
2840,000501
2841,000498
2842,000488
2843,000430
2844,000429
2845,000428
2846,000426
2847,000425
2848,000423
2849,000422
2850,000421
2851,000420
2852,000419
2853,000418
2854,000417
2855,000416
2856,000415
2857,000413
2858,000411
2859,000410
2860,000409
2861,000408
2862,000407
2863,000404
2864,000403
2865,000402
2866,000401
2867,000400
2868,000338
2869,000333
2870,000301
2871,000166
2872,000159
2873,000158
2874,000157
2875,000156
2876,000155
2877,000153
2878,000151
2879,000150
2880,000100
2881,000099
2882,000096
2883,000090
2884,000089
2885,000088
2886,000078
2887,000070
2888,000069
2889,000068
2890,000066
2891,000065
2892,000063
2893,000062
2894,000061
2895,000060
2896,000059
2897,000058
2898,000056
2899,000055
2900,000050
2901,000049
2902,000048
2903,000046
2904,000045
2905,000043
2906,000042
2907,000040
2908,000039
2909,000038
2910,000037
2911,000036
2912,000035
2913,000034
2914,000032
2915,000031
2916,000030
2917,000029
2918,000028
2919,000027
2920,000026
2921,000025
2922,000023
2923,000022
2924,000021
2925,000020
2926,000019
2927,000018
2928,000017
2929,000016
2930,000014
2931,000012
2932,000011
2933,000010
2934,000009
2935,000008
2936,000007
2937,000006
2938,000005
2939,000004
2940,000002
2941,000001
